"","method","bias","rmse","coverage"
"1","RDD",0.201465301458327,23.5918013653261,5.64
"2","RDD_half_bw",-0.31759513748488,31.3591018470366,5.05
"3","RDD_double_bw",1.67519923697522,17.7712106825222,5.48999999999999
"4","OLS",30.9610120168029,32.6952221150724,84.14
"5","Forest_ATE",19.189664929079,31.2036175171161,29.58
"6","Forest_ATT",19.7157180204618,30.0781829461945,24.16
"7","Forest_overlap",17.7981579038025,19.8195360096548,54.07
"8","Forest_close_ATE",10.8781272001471,39.8603057216291,4.9
"9","Forest_close_ATT",11.445671007499,25.8939176208135,8.5
"10","Forest_close_overlap",11.4004205008299,15.1121340324736,23.85
"11","Forest_very_close_ATE",4.02406573851238,67.1038138862826,1.75999999999999
"12","Forest_very_close_ATT",6.49900886342727,28.4568110620751,4.24
"13","Forest_very_close_overlap",6.65835271022981,13.9654348508116,9.88
"14","McCrary",NA,NA,6.08
